﻿<?xml version="1.0" encoding="utf-8"?>
<Project ToolsVersion="Current" xmlns="http://schemas.microsoft.com/developer/msbuild/2003">
  <PropertyGroup>
    <IncludeCompositeObjects>True</IncludeCompositeObjects>
    <TargetDatabaseName>ParkingDB</TargetDatabaseName>
    <DeployScriptFileName>ddo_azuresqldw_dw.sql</DeployScriptFileName>
    <TargetConnectionString></TargetConnectionString>
    <ProfileVersionNumber>1</ProfileVersionNumber>
  </PropertyGroup>
  <ItemGroup>
    <SqlCmdVariable Include="ADLSCredentialKey">
      <Value></Value>
    </SqlCmdVariable>
    <SqlCmdVariable Include="ADLSLocation">
      <Value></Value>
    </SqlCmdVariable>
  </ItemGroup>
</Project>